Segment,Product hierarchy,Product Hierarchy Description,Sold-to party,Name,Location of the ship-to party,Territory,Year,Jan,Feb,Mar,Apr,May,Jun,Jul,Aug,Sep,Oct,Nov,Dec,Total Qty, Inco Terms , Pack size , Consignment size ,  freight per c/ment  ,  2% hike  ,  Total freight per c/ment  ,Jan Qty,Feb Qty,Mar Qty,Apr Qty,May Qty,Jun Qty,Jul Qty,Aug Qty,Sep Qty,Oct Qty,Nov Qty,Dec Qty
Speciality,1149101,L6,1011361,Octane Ventures,Raigad,Domestic,2022,15000,9000,24000,18000,6000,21000,9000,16500,7500,7500,9000,7500,150000,EXW,6500,0,0,0,0,2,1,4,3,1,3,1,3,1,1,1,1
Speciality,1162101,P2 K,1007452,SAUDI CAN COMPANY,JEDDHA,Export,2022,0,0,390000,0,0,0,390000,0,0,0,390000,0,1170000,CIF,1800,220,200000,0,200000,0,0,217,0,0,0,217,0,0,0,217,0
Speciality,1162101,P2 K,1011361,Octane Ventures,Raigad,Domestic,2022,85000,51000,136000,102000,34000,119000,51000,93500,42500,42500,51000,42500,850000,EXW,1800,0,0,0,0,47,28,76,57,19,66,28,52,24,24,28,24
Speciality,1162101,P2 K,1013463,Regent Enterprises Limited,Meerut,Domestic,2022,4000,2000,4000,2000,2000,4000,2000,2000,4000,4000,4000,4000,38000,CIF,1800,1,220,0,220,2,1,2,1,1,2,1,1,2,2,2,2
Speciality,1162101,P2 K,1015597,Larsen Tin Printers,Pondicherry,Domestic,2022,0,18000,0,18000,0,18000,0,18000,0,18000,0,18000,108000,EXW,1800,0,0,0,0,0,10,0,10,0,10,0,10,0,10,0,10
Speciality,1162101,P2 K,97300080,Hari Vegitable Products Pvt Ltd,Bharatpur,Domestic,2022,14000,14000,14000,14000,14000,14000,14000,14000,14000,14000,14000,14000,168000,CIF,1800,360,49500,0,49500,8,8,8,8,8,8,8,8,8,8,8,8
Speciality,1162101,P2 K,1006489,Asian Tin Containers,Chennai,Domestic,2022,0,0,10800,0,0,0,0,10800,0,0,0,0,21600,EXW,1800,0,0,0,0,0,0,6,0,0,0,0,6,0,0,0,0
Speciality,1162101,P2 K,1007899,Red Cow Dairy Pvt. Ltd.,Dankuni,Domestic,2022,1000,600,1600,1200,400,1400,600,1100,500,500,600,500,10000,CPT,1800,1,220,0,220,1,0,1,1,0,1,0,1,0,0,0,0
Speciality,1162101,P2 K,1008910,Shri Siddheshwar Industries,Pune,Domestic,2022,5000,3000,8000,6000,2000,7000,3000,5500,2500,2500,3000,2500,50000,EXW,1800,0,0,0,0,3,2,4,3,1,4,2,3,1,1,2,1
Speciality,1162101,P2 K,1012488,INDOKOTE INDUSTRIES PVT. LTD.,Haryana,Domestic,2022,2000,2000,2000,2000,2000,2000,2000,2000,2000,2000,2000,2000,24000,EXW,1800,0,0,0,0,1,1,1,1,1,1,1,1,1,1,1,1
Speciality,1162101,P2 K,1014168,CREATIVE INTERNATIONAL,THANE,Domestic,2022,40000,24000,64000,48000,16000,56000,24000,44000,20000,20000,24000,20000,400000,EXW,1800,0,0,0,0,22,13,36,27,9,31,13,24,11,11,13,11
Speciality,1162101,P2 K,1014275,AAYU INTERNATIONAL,BANGALORE,Domestic,2022,0,25000,0,25000,0,25000,25000,25000,25000,25000,25000,25000,225000,EXW,1800,0,0,0,0,0,14,0,14,0,14,14,14,14,14,14,14
Speciality,1162101,P2 K,1014371,R.K.GANAPATHI CHETTIAR,"KANGAYAM, TIRUPUR DIST",Domestic,2022,45000,0,45000,0,45000,45000,0,45000,0,45000,45000,45000,360000,EXW,1800,0,0,0,0,25,0,25,0,25,25,0,25,0,25,25,25
Speciality,1162101,P2 K,1015320,KANODIA OIL MILLS,SOUTH WEST DELHI,Domestic,2022,0,36000,0,0,0,0,0,36000,0,0,0,0,72000,CIF,1800,1,220,0,220,0,20,0,0,0,0,0,20,0,0,0,0
Speciality,1162101,P2 K,1015451,Patanjali Ayurved Ltd,"Tal-Newasa, Dist-A Nagar",Domestic,2022,9000,9000,9000,9000,9000,9000,9000,9000,9000,9000,9000,9000,108000,CIF,1800,1,220,0,220,5,5,5,5,5,5,5,5,5,5,5,5
Speciality,1162101,P2 K,1016281,M K Agrotech PVT LTD,"Srirangapatna, Mandya",Domestic,2022,36000,0,36000,36000,36000,36000,36000,0,36000,36000,36000,36000,360000,EXW,1800,0,0,0,0,20,0,20,20,20,20,20,0,20,20,20,20
Speciality,1162101,P2 K,1018104,ESDEE PAINTS LIMITED MORAIYA - III,"CHACHARAVADI, AHMEDABAD",Domestic,2022,80000,48000,128000,96000,32000,112000,48000,88000,40000,40000,48000,40000,800000,CIF,1800,1,220,0,220,44,27,71,53,18,62,27,49,22,22,27,22
Speciality,1162101,P2 K,1018131,AMAR INDUSTRIES,"SONEPAT, HARYANA",Domestic,2022,5000,3000,8000,6000,2000,7000,3000,5500,2500,2500,3000,2500,50000,EXW,1800,0,0,0,0,3,2,4,3,1,4,2,3,1,1,2,1
Speciality,1162101,P2 K,97300044,Caps & Containers Industries,Mumbai,Domestic,2022,5000,3000,8000,6000,2000,7000,3000,5500,2500,2500,3000,2500,50000,EXW,1800,0,0,0,0,3,2,4,3,1,4,2,3,1,1,2,1
Speciality,1162101,P2 K,97300224,Esdee Paints Limited,"Turbhe, Navi Mumbai",Domestic,2022,15000,9000,24000,18000,6000,21000,9000,16500,7500,7500,9000,7500,150000,CIF,1800,1,220,0,220,8,5,13,10,3,12,5,9,4,4,5,4
Speciality,1162101,P2 K,1012535,BERICAP MIDDLE EAST FZE.,DUBAI,Export,2022,250000,300000,250000,300000,250000,300000,250000,250000,300000,250000,300000,0,3000000,CIF,1800,720,146000,0,146000,139,167,139,167,139,167,139,139,167,139,167,0
Speciality,1162101,P2 K,97300078,Gulati Oils India Pvt. Ltd.,Samba,Domestic,2022,0,0,0,180000,0,180000,0,180000,0,0,180000,0,720000,EXW,1800,0,0,0,0,0,0,0,100,0,100,0,100,0,0,100,0
Speciality,1162101,P2 K,1017855,JIVO WELLNESS PVT LTD,"SONEPAT, HARYANA",Domestic,2022,0,0,0,0,5000,0,0,0,0,0,0,0,5000,EXW,1800,0,0,0,0,0,0,0,0,3,0,0,0,0,0,0,0
Speciality,1162110,P2 K CL,1011280,DECCAN CANS & PRINTERS PVT.LTD.,DAMAN(U.T.),Domestic,2022,75000,45000,120000,90000,30000,105000,45000,82500,37500,37500,45000,37500,750000,CIF,1800,1,220,0,220,42,25,67,50,17,58,25,46,21,21,25,21
Speciality,1162110,P2 K CL,1012042,Sayaji Metal Cans,Vadodara,Domestic,2022,25000,15000,40000,30000,10000,35000,15000,27500,12500,12500,15000,12500,250000,EXW,1800,0,0,0,0,14,8,22,17,6,19,8,15,7,7,8,7
Speciality,1162110,P2 K CL,1013532,Axalta Coating Systems India Pvt. L,Vadodara,Domestic,2022,60000,36000,96000,72000,24000,84000,36000,66000,30000,30000,36000,30000,600000,CIF,1800,1,220,0,220,33,20,53,40,13,47,20,37,17,17,20,17
Speciality,1162110,P2 K CL,1014168,CREATIVE INTERNATIONAL,THANE,Domestic,2022,130000,82000,202000,154000,58000,178000,82000,142000,70000,70000,82000,70000,1320000,EXW,1800,0,0,0,0,72,46,112,86,32,99,46,79,39,39,46,39
Speciality,1162110,P2 K CL,97300107,KALYAN ENTERPRISE,AHMEDABAD,Domestic,2022,2000,1200,3200,2400,800,2800,1200,2200,1000,1000,1200,1000,20000,EXW,1800,0,0,0,0,1,1,2,1,0,2,1,1,1,1,1,1
Speciality,1162110,P2 K CL,1006489,Asian Tin Containers,Chennai,Domestic,2022,10000,0,0,0,10000,0,0,10000,0,0,0,0,30000,EXW,1800,0,0,0,0,6,0,0,0,6,0,0,6,0,0,0,0
Speciality,1162110,P2 K CL,1006543,Akzo Nobel India Limited,Mohali,Domestic,2022,0,72000,0,0,0,72000,0,0,108000,0,0,0,252000,CPT,1800,1,220,0,220,0,40,0,0,0,40,0,0,60,0,0,0
Speciality,1162110,P2 K CL,1006916,Sagar Ispat India Pvt Ltd.,Solan,Domestic,2022,6000,6000,6000,6000,6000,6000,6000,6000,6000,6000,6000,6000,72000,EXW,1800,0,0,0,0,3,3,3,3,3,3,3,3,3,3,3,3
Speciality,1162110,P2 K CL,1007839,Indo Foreign Sales Corporation,Delhi,Domestic,2022,4000,4000,4000,4000,4000,4000,4000,4000,4000,4000,4000,4000,48000,EXW,1800,0,0,0,0,2,2,2,2,2,2,2,2,2,2,2,2
Speciality,1162110,P2 K CL,1010594,SHREE RAMAN BIHARI CAN PACKS P LTD,JAIPUR,Domestic,2022,1000,1000,1000,1000,1000,1000,1000,1000,1000,1000,1000,1000,12000,EXW,1800,0,0,0,0,1,1,1,1,1,1,1,1,1,1,1,1
Speciality,1162110,P2 K CL,1011287,Woodver Coatings Pvt Ltd,Bahadurgarh,Domestic,2022,2000,2000,2000,2000,2000,2000,2000,2000,2000,2000,2000,2000,24000,EXW,1800,0,0,0,0,1,1,1,1,1,1,1,1,1,1,1,1
Speciality,1162110,P2 K CL,1011361,Octane Ventures,Raigad,Domestic,2022,40000,24000,64000,48000,16000,56000,24000,44000,20000,20000,24000,20000,400000,EXW,1800,0,0,0,0,22,13,36,27,9,31,13,24,11,11,13,11
Speciality,1162110,P2 K CL,1012140,Kemtech Impex,"Anandnagar, Pune",Domestic,2022,50000,50000,50000,50000,50000,50000,50000,50000,50000,50000,50000,50000,600000,EXW,1800,0,0,0,0,28,28,28,28,28,28,28,28,28,28,28,28
Speciality,1162110,P2 K CL,1012286,Causeway Paints Lanka (Pvt) Ltd,"Panadura, Sri Lanka",Export,2022,0,72000,0,0,0,72000,0,0,108000,0,0,0,252000,CIF,1800,40,72000,0,72000,0,40,0,0,0,40,0,0,60,0,0,0
Speciality,1162110,P2 K CL,1013208,AJANTA PRODUCTS,ANAND,Domestic,2022,30000,18000,48000,36000,12000,42000,18000,33000,15000,15000,18000,15000,300000,EXW,1800,0,0,0,0,17,10,27,20,7,23,10,18,8,8,10,8
Speciality,1162110,P2 K CL,1013323,Puratan Metal Box Pvt. Ltd,New Delhi,Domestic,2022,0,4000,0,4000,0,0,4000,0,0,0,0,0,12000,EXW,1800,0,0,0,0,0,2,0,2,0,0,2,0,0,0,0,0
Speciality,1162110,P2 K CL,1017110,Shabari Packaging Industries (P) Lt,Derabassi,Domestic,2022,15000,15000,15000,15000,15000,15000,15000,15000,15000,15000,15000,15000,180000,EXW,1800,0,0,0,0,8,8,8,8,8,8,8,8,8,8,8,8
Speciality,1162110,P2 K CL,1018012,GIRNAR PAINTS & CHEMICALS,MEERUT,Domestic,2022,0,0,0,0,4000,0,0,0,0,0,0,0,4000,EXW,1800,0,0,0,0,0,0,0,0,2,0,0,0,0,0,0,0
Speciality,1162110,P2 K CL,1018336,Cantec Printing and Packaging (Pvt),"Rajagiriya, Sri Lanka",Domestic,2022,0,0,216000,0,0,0,0,216000,0,0,216000,0,648000,CIF,1800,1,220,0,220,0,0,120,0,0,0,0,120,0,0,120,0
Speciality,1162110,P2 K CL,97300022,Arvind Cans Limited,Hyderabad,Domestic,2022,0,90000,0,0,0,0,90000,0,0,0,0,0,180000,EXW,1800,0,0,0,0,0,50,0,0,0,0,50,0,0,0,0,0
Speciality,1162110,P2 K CL,97300102,Jainsons Sales Corp,Jalandhar,Domestic,2022,7000,7000,7000,7000,7000,7000,7000,7000,7000,7000,7000,7000,84000,EXW,1800,0,0,0,0,4,4,4,4,4,4,4,4,4,4,4,4
Speciality,1162110,P2 K CL,97300111,Kayson Thinners & Chemicals,Jalandhar,Domestic,2022,6000,6000,6000,6000,6000,6000,6000,6000,6000,6000,6000,6000,72000,EXW,1800,0,0,0,0,3,3,3,3,3,3,3,3,3,3,3,3
Speciality,1162110,P2 K CL,97300171,Shri Metal Containers,New Delhi,Domestic,2022,6000,6000,6000,6000,6000,6000,6000,6000,6000,6000,6000,6000,72000,EXW,1800,0,0,0,0,3,3,3,3,3,3,3,3,3,3,3,3
Speciality,1162110,P2 K CL,97300201,Tin Pack Engineers,Delhi,Domestic,2022,6000,6000,6000,6000,6000,6000,6000,6000,6000,6000,6000,6000,72000,EXW,1800,0,0,0,0,3,3,3,3,3,3,3,3,3,3,3,3
Speciality,1162110,P2 K CL,97300214,VISHAL INDUSTRIES,Delhi,Domestic,2022,3000,3000,3000,3000,3000,3000,3000,3000,3000,3000,3000,3000,36000,CIF,1800,1,220,0,220,2,2,2,2,2,2,2,2,2,2,2,2
Speciality,1163101,"BERG SPOUT 42/3,4",97300245,Mantora Oil Products Ltd.,Kanpur-Dehat,Domestic,2022,15000,15000,15000,15000,15000,15000,15000,15000,15000,15000,15000,15000,180000,CIF,1600,360,61200,0,61200,9,9,9,9,9,9,9,9,9,9,9,9
Speciality,1163101,"BERG SPOUT 42/3,4",1010855,PRIYANKA REFINERIES PVT LTD.,KAKINADA,Domestic,2022,0,150000,0,100000,0,150000,0,100000,0,100000,0,0,600000,EXW,1600,0,0,0,0,0,94,0,63,0,94,0,63,0,63,0,0
Speciality,1163101,"BERG SPOUT 42/3,4",201005,BERICAP KAPAK SANAYI A.S.,"Gebze, Kocaeli",Export,2022,0,100000,0,100000,0,0,100000,0,100000,0,100000,0,500000,EXW,1600,0,0,0,0,0,63,0,63,0,0,63,0,63,0,63,0
Speciality,1163101,"BERG SPOUT 42/3,4",1011846,SCHREIBER DYNAMIX DAIRIES PRIVATE L,BARAMATI,Domestic,2022,1800,1080,2880,2160,720,2520,1080,1980,900,900,1080,900,18000,EXW,1600,0,0,0,0,1,1,2,1,0,2,1,1,1,1,1,1
Speciality,1163101,"BERG SPOUT 42/3,4",97300045,Cargill India Pvt Ltd.,Pune,Domestic,2022,1000000,1000000,1000000,1000000,1000000,1000000,1000000,1000000,1000000,1000000,1000000,1000000,12000000,CPT,1600,200,9400,0,9400,625,625,625,625,625,625,625,625,625,625,625,625
Speciality,1163101,"BERG SPOUT 42/3,4",97300120,Malook Chand Cotton & Oil Mills,Aligarh,Domestic,2022,0,100000,0,0,100000,0,0,100000,0,0,0,0,300000,CIF,1600,1,220,0,220,0,63,0,0,63,0,0,63,0,0,0,0
Speciality,1163101,"BERG SPOUT 42/3,4",1014167,ADM Agro Industries Latur & Vizag P,Latur,Domestic,2022,64000,72000,112000,72000,72000,72000,72000,72000,112000,72000,72000,112000,976000,CIF,1600,1,220,0,220,40,45,70,45,45,45,45,45,70,45,45,70
Speciality,1163101,"BERG SPOUT 42/3,4",1014970,Ushodaya Enterprises Pvt. Ltd.,Hyderabad,Domestic,2022,0,0,25000,0,0,0,0,0,0,25000,0,0,50000,CIF,1600,1,220,0,220,0,0,16,0,0,0,0,0,0,16,0,0
Speciality,1163201,BERG SPOUT 42 ECO,1017538,Parakh Foods & Oils Ltd,"Khalapur, RAIGAD",Domestic,2022,300000,180000,300000,320000,230000,280000,200000,280000,230000,160000,180000,150000,2810000,EXW,1600,0,0,0,0,188,113,188,200,144,175,125,175,144,100,113,94
Speciality,1163201,BERG SPOUT 42 ECO,1011361,Octane Ventures,Raigad,Domestic,2022,50000,30000,0,0,20000,28000,30000,22000,25000,25000,30000,25000,285000,EXW,1600,0,0,0,0,31,19,0,0,13,18,19,14,16,16,19,16
Speciality,1163201,BERG SPOUT 42 ECO,1011848,KIRTI AGROVET LIMITED,LATUR,Domestic,2022,300000,180000,300000,300000,320000,200000,180000,200000,200000,200000,180000,150000,2710000,CIF,1600,200,17300,0,17300,188,113,188,188,200,125,113,125,125,125,113,94
Speciality,1163201,BERG SPOUT 42 ECO,1012778,KHANDELIA OIL & GEN.MILLS PVT LTD,SRIGANGANAGR,Domestic,2022,9000,15000,9000,9000,9000,9000,9000,9000,9000,9000,9000,9000,114000,EXW,1600,0,0,0,0,6,9,6,6,6,6,6,6,6,6,6,6
Speciality,1163201,BERG SPOUT 42 ECO,1018485,OCTAGON FOODS LLP,Latur,Domestic,2022,10000,6000,0,0,4000,0,6000,0,5000,5000,6000,5000,47000,CIF,1600,1,220,0,220,6,4,0,0,3,0,4,0,3,3,4,3
Speciality,1163201,BERG SPOUT 42 ECO,97300023,Ashwin Vanaspati Industries Pvt Ltd,Baroda,Domestic,2022,150000,90000,150000,180000,100000,120000,120000,120000,120000,75000,90000,75000,1390000,CIF,1600,1,220,0,220,94,56,94,113,63,75,75,75,75,47,56,47
Speciality,1163201,BERG SPOUT 42 ECO,1013463,Regent Enterprises Limited,Meerut,Domestic,2022,12000,12000,12000,12000,12000,0,12000,0,12000,12000,12000,12000,120000,CIF,1600,1,220,0,220,8,8,8,8,8,0,8,0,8,8,8,8
Speciality,1163201,BERG SPOUT 42 ECO,1007303,N. K. Proteins Pvt. Ltd.,Rajkot,Domestic,2022,600000,640000,400000,500000,860000,500000,500000,500000,550000,550000,540000,450000,6590000,CIF,1600,200,23000,0,23000,375,400,250,313,538,313,313,313,344,344,338,281
Speciality,1163201,BERG SPOUT 42 ECO,1009038,Bhawani Silicate Industries,Jaipur,Domestic,2022,20000,12000,32000,24000,8000,0,12000,0,10000,10000,12000,10000,150000,CIF,1600,1,220,0,220,13,8,20,15,5,0,8,0,6,6,8,6
Speciality,1163201,BERG SPOUT 42 ECO,1013506,Vijay Traders,"Wadwani, Beed",Domestic,2022,5000,3000,8000,6000,2000,0,3000,0,2500,2500,3000,2500,37500,EXW,1600,0,0,0,0,3,2,5,4,1,0,2,0,2,2,2,2
Speciality,1163201,BERG SPOUT 42 ECO,1015369,BUNGE INDIA PVT LTD,"BHACHAU, KUTCH",Domestic,2022,350000,300000,500000,300000,400000,700000,300000,550000,250000,250000,300000,250000,4450000,CIF,1600,200,28800,0,28800,219,188,313,188,250,438,188,344,156,156,188,156
Speciality,1163201,BERG SPOUT 42 ECO,1012909,AAK KAMANI Private Limited.,Maharashtra,Domestic,2022,150000,120000,200000,200000,120000,150000,150000,150000,150000,150000,120000,100000,1760000,CIF,1600,140,6600,0,6600,94,75,125,125,75,94,94,94,94,94,75,63
Speciality,1163201,BERG SPOUT 42 ECO,1013930,GEMINI EDIBLES & FATS INDIA LTD,"SRI POTTI SRI RAMULU, NELLORE",Domestic,2022,200000,200000,100000,100000,100000,100000,300000,100000,300000,100000,200000,100000,1900000,CIF,1600,1,220,0,220,125,125,63,63,63,63,188,63,188,63,125,63
Speciality,1163201,BERG SPOUT 42 ECO,1017182,ADANI WILMAR LIMITED,MORENA,Domestic,2022,300000,290000,420000,370000,190000,280000,240000,440000,200000,200000,240000,200000,3370000,CIF,1600,360,48200,0,48200,188,181,263,231,119,175,150,275,125,125,150,125
Speciality,1163201,BERG SPOUT 42 ECO,97300105,Kaleesuwari Refinery Pvt Ltd.,Chennai,Domestic,2022,0,100000,0,0,100000,100000,100000,100000,100000,100000,0,0,700000,CPT,1600,360,38500,0,38500,0,63,0,0,63,63,63,63,63,63,0,0
Speciality,1163201,BERG SPOUT 42 ECO,1018060,BHARAT FOODS CO-OPERATIVE LTD,GANDHIDHAM (KUTCH),Domestic,2022,30000,18000,20000,36000,20000,0,18000,0,15000,15000,18000,15000,205000,CIF,1600,1,220,0,220,19,11,13,23,13,0,11,0,9,9,11,9
Speciality,1163201,BERG SPOUT 42 ECO,1017886,ANA Oils and Fats,"Kakinada, AP, East Godavari",Domestic,2022,0,100000,0,100000,0,0,100000,0,100000,0,0,0,400000,EXW,1600,0,0,0,0,0,63,0,63,0,0,63,0,63,0,0,0
Speciality,1164301,BS 42 STS,108002,BERICAP S.A.U.,Barcelona,Domestic,2022,0,100000,0,0,100000,0,0,100000,0,0,100000,0,400000,CIF,1600,60,85000,0,85000,0,63,0,0,63,0,0,63,0,0,63,0
Speciality,1164301,BS 42 STS,1004510,BERICAP MIDDLE EAST FZE.,DUBAI,Export,2022,100000,100000,100000,100000,100000,100000,100000,100000,100000,100000,100000,100000,1200000,CIF,1600,720,146000,0,146000,63,63,63,63,63,63,63,63,63,63,63,63
Speciality,1180309,S2 K CL,1016899,Supreme Steel Packagings Pvt Ltd,Sangareddy,Domestic,2022,2500,1500,4000,3000,1000,3500,1500,2750,1250,1250,1500,1250,25000,EXW,700,0,0,0,0,4,2,6,4,1,5,2,4,2,2,2,2
Speciality,1180309,S2 K CL,1016904,METAL SEAM CO. PVT. LTD.,"NADARGANJ, LUCKNOW",Domestic,2022,2500,1500,4000,3000,1000,3500,1500,2750,1250,1250,1500,1250,25000,EXW,700,0,0,0,0,4,2,6,4,1,5,2,4,2,2,2,2
Speciality,1180309,S2 K CL,1017984,Vulcan Packaging LLP,Bharuch,Domestic,2022,2500,1500,4000,3000,1000,3500,1500,2750,1250,1250,1500,1250,25000,EXW,700,0,0,0,0,4,2,6,4,1,5,2,4,2,2,2,2
Speciality,1180309,S2 K CL,1018459,POONAM DRUMS & CONTAINERS PVT. LTD.,"MOHALI, PUNJAB",Domestic,2022,2500,1500,4000,3000,1000,3500,1500,2750,1250,1250,1500,1250,25000,EXW,700,0,0,0,0,4,2,6,4,1,5,2,4,2,2,2,2
Speciality,1180309,S2 K CL,1018604,PAC METAL INDUSTRIES,"Krishnagiri, Hosur",Domestic,2022,2500,1500,4000,3000,1000,3500,1500,2750,1250,1250,1500,1250,25000,EXW,700,0,0,0,0,4,2,6,4,1,5,2,4,2,2,2,2
Speciality,1180309,S2 K CL,97300049,Chandra Container Manufacturers,Telangana State,Domestic,2022,2500,1500,4000,3000,1000,3500,1500,2750,1250,1250,1500,1250,25000,EXW,700,0,0,0,0,4,2,6,4,1,5,2,4,2,2,2,2
Speciality,1330600,SK 38/23 PV  W / O LINER,1007996,The Western India Genuine -,Sewree,Domestic,2022,11000,6600,17600,13200,4400,15400,6600,12100,5500,5500,6600,5500,110000,EXW,1800,0,0,0,0,6,4,10,7,2,9,4,7,3,3,4,3
Speciality,1330600,SK 38/23 PV  W / O LINER,1011361,Octane Ventures,Raigad,Domestic,2022,5000,3000,8000,6000,2000,7000,3000,5500,2500,2500,3000,2500,50000,EXW,1800,0,0,0,0,3,2,4,3,1,4,2,3,1,1,2,1
Speciality,1330600,SK 38/23 PV  W / O LINER,1011752,BHAWANI PACKAGING,HARIDWAR,Domestic,2022,5000,5000,5000,5000,5000,5000,5000,5000,5000,5000,5000,5000,60000,EXW,1800,0,0,0,0,3,3,3,3,3,3,3,3,3,3,3,3
Speciality,1330600,SK 38/23 PV  W / O LINER,97300107,KALYAN ENTERPRISE,AHMEDABAD,Domestic,2022,20000,12000,32000,24000,8000,28000,12000,22000,10000,10000,12000,10000,200000,EXW,1800,0,0,0,0,11,7,18,13,4,16,7,12,6,6,7,6
Speciality,1330600,SK 38/23 PV  W / O LINER,1011014,Krishna Oils & Chemicals Pvt Ltd,Dist Alwar,Domestic,2022,20000,20000,20000,20000,20000,20000,20000,20000,20000,20000,20000,20000,240000,EXW,1800,0,0,0,0,11,11,11,11,11,11,11,11,11,11,11,11
Speciality,1330600,SK 38/23 PV  W / O LINER,97300220,Autocare Lubricants,Silvassa,Domestic,2022,3000,1800,4800,3600,1200,4200,1800,3300,1500,1500,1800,1500,30000,EXW,1800,0,0,0,0,2,1,3,2,1,2,1,2,1,1,1,1
Speciality,1330600,SK 38/23 PV  W / O LINER,1014952,Havnol Petrochemicals (India),Mandsaur,Domestic,2022,10000,6000,16000,12000,4000,14000,6000,11000,5000,5000,6000,5000,100000,EXW,1800,0,0,0,0,6,3,9,7,2,8,3,6,3,3,3,3
Speciality,1330600,SK 38/23 PV  W / O LINER,1017019,Sun Industries,Aurangabad,Domestic,2022,2500,1500,4000,3000,1000,3500,1500,2750,1250,1250,1500,1250,25000,EXW,1800,0,0,0,0,1,1,2,2,1,2,1,2,1,1,1,1
Speciality,1330601,SK 38/23 PV PE,1018861,BERLIN MOULD WORKS,"RABALE, NAVI MUMBAI",Domestic,2022,40000,24000,64000,48000,16000,56000,24000,44000,20000,20000,24000,20000,400000,EXW,1800,0,0,0,0,22,13,36,27,9,31,13,24,11,11,13,11
Speciality,1330601,SK 38/23 PV PE,97300130,Mitsu Chem Plast  Ltd.,Mumbai,Domestic,2022,20000,12000,32000,24000,8000,28000,12000,22000,10000,10000,12000,10000,200000,EXW,1800,0,0,0,0,11,7,18,13,4,16,7,12,6,6,7,6
Speciality,1330601,SK 38/23 PV PE,1006441,Champion Plastic Industries,Jaipur,Domestic,2022,30000,30000,30000,30000,30000,30000,30000,30000,30000,30000,30000,30000,360000,EXW,1800,0,0,0,0,17,17,17,17,17,17,17,17,17,17,17,17
Speciality,1330603,SK 38/23 PV IHS,97300197,Tide Water Oil Co. (India) Ltd.,Kancheepuram,Domestic,2022,1250000,1000000,1500000,1250000,1250000,1000000,1000000,1250000,1250000,1500000,1500000,1250000,15000000,EXW,1800,0,0,0,0,694,556,833,694,694,556,556,694,694,833,833,694
Speciality,1330603,SK 38/23 PV IHS,1006829,Stanlubes & Specialities India Pvt,Navi mumbai,Domestic,2022,2000,1200,3200,2400,800,2800,1200,2200,1000,1000,1200,1000,20000,EXW,1800,0,0,0,0,1,1,2,1,0,2,1,1,1,1,1,1
Speciality,1330603,SK 38/23 PV IHS,1008165,Arabian Petroleum Limited,Thane,Domestic,2022,220000,132000,352000,264000,88000,308000,132000,242000,110000,110000,132000,110000,2200000,EXW,1800,0,0,0,0,122,73,196,147,49,171,73,134,61,61,73,61
Speciality,1330603,SK 38/23 PV IHS,1018380,AV BLOW TECH,"Ranga Reddy Dist., Telangana",Domestic,2022,0,72000,0,72000,0,72000,0,0,72000,0,0,72000,360000,EXW,1800,0,0,0,0,0,40,0,40,0,40,0,0,40,0,0,40
Speciality,1330603,SK 38/23 PV IHS,1014275,AAYU INTERNATIONAL,BANGALORE,Domestic,2022,0,100000,0,0,100000,0,0,100000,0,0,100000,0,400000,EXW,1800,0,0,0,0,0,56,0,0,56,0,0,56,0,0,56,0
Speciality,1330603,SK 38/23 PV IHS,1016097,Thirumala Plastic Industries,Chennai,Domestic,2022,0,0,27000,0,0,0,27000,0,0,0,0,0,54000,EXW,1800,0,0,0,0,0,0,15,0,0,0,15,0,0,0,0,0
Speciality,1330603,SK 38/23 PV IHS,97300119,MAGNUM LUBRICANTS (I) PVT. LTD.,"Andheri(E), Mumbai",Domestic,2022,16000,9600,25600,19200,6400,22400,9600,17600,8000,8000,9600,8000,160000,CPT,1800,1,220,0,220,9,5,14,11,4,12,5,10,4,4,5,4
Speciality,1330603,SK 38/23 PV IHS,97300155,Rajiv Plastics Industries,"Valsad - 396171, GUJARAT",Domestic,2022,200000,200000,200000,200000,200000,200000,200000,200000,200000,200000,200000,200000,2400000,EXW,1800,0,0,0,0,111,111,111,111,111,111,111,111,111,111,111,111
Speciality,1330603,SK 38/23 PV IHS,97300225,Gandharoil Refinery India Ltd.,Silvassa,Domestic,2022,240000,144000,384000,288000,96000,336000,144000,264000,120000,120000,144000,120000,2400000,EXW,1800,0,0,0,0,133,80,213,160,53,187,80,147,67,67,80,67
Speciality,1330603,SK 38/23 PV IHS,97300259,Trimurti Plast Containers P. Ltd.,Pune,Domestic,2022,5000,3000,8000,6000,2000,7000,3000,5500,2500,2500,3000,2500,50000,EXW,1800,0,0,0,0,3,2,4,3,1,4,2,3,1,1,2,1
Speciality,1330603,SK 38/23 PV IHS,1011290,Swastik Lubricant Pvt Ltd,Ahmednagar,Domestic,2022,6000,3600,9600,7200,2400,8400,3600,6600,3000,3000,3600,3000,60000,EXW,1800,0,0,0,0,3,2,5,4,1,5,2,4,2,2,2,2
Speciality,1330603,SK 38/23 PV IHS,1016036,ALPHA POLYMERTECK PRIAVE LIMITED,CHENNAI,Domestic,2022,0,30000,0,0,30000,0,0,30000,0,0,30000,0,120000,EXW,1800,0,0,0,0,0,17,0,0,17,0,0,17,0,0,17,0
Speciality,1330603,SK 38/23 PV IHS,97300051,CHEMOLEUMS INDIA PRIVATE LIMITED,Chennai,Domestic,2022,0,200000,0,0,200000,0,0,200000,0,0,200000,0,800000,EXW,1800,0,0,0,0,0,111,0,0,111,0,0,111,0,0,111,0
Speciality,1330603,SK 38/23 PV IHS,1007466,Ema Lubes Pvt. Ltd.,Pune,Domestic,2022,20000,12000,32000,24000,8000,28000,12000,22000,10000,10000,12000,10000,200000,EXW,1800,0,0,0,0,11,7,18,13,4,16,7,12,6,6,7,6
Speciality,1330603,SK 38/23 PV IHS,1009027,Apar Industries Limited,Mumbai,Domestic,2022,75000,45000,120000,90000,30000,105000,45000,82500,37500,37500,45000,37500,750000,EXW,1800,0,0,0,0,42,25,67,50,17,58,25,46,21,21,25,21
Speciality,1330603,SK 38/23 PV IHS,1016838,PLAS-TECH AUTOMATIONS,Hosur,Domestic,2022,5000,3000,8000,6000,2000,7000,3000,5500,2500,2500,3000,2500,50000,EXW,1800,0,0,0,0,3,2,4,3,1,4,2,3,1,1,2,1
Speciality,1330603,SK 38/23 PV IHS,1017213,Saphire Blue Industries Pvt Ltd,"Newai, Dist - Tonk",Domestic,2022,22500,13500,36000,27000,9000,31500,13500,24750,11250,11250,13500,11250,225000,EXW,1800,0,0,0,0,13,8,20,15,5,18,8,14,6,6,8,6
Speciality,1330603,SK 38/23 PV IHS,1007731,Kaleesuwari Refinery Pvt Ltd.,Kakinada,Domestic,2022,600000,600000,600000,600000,600000,600000,600000,600000,600000,600000,600000,600000,7200000,CPT,1800,360,50000,0,50000,333,333,333,333,333,333,333,333,333,333,333,333
Speciality,1330603,SK 38/23 PV IHS,97300045,Cargill India Pvt Ltd.,Pune,Domestic,2022,550000,550000,550000,550000,550000,550000,550000,550000,550000,550000,550000,550000,6600000,CPT,1800,200,9400,0,9400,306,306,306,306,306,306,306,306,306,306,306,306
Speciality,1330603,SK 38/23 PV IHS,1014267,Supreme Polymers,Junction. PERUNDURAI,Domestic,2022,0,0,50000,0,0,50000,0,100000,100000,100000,0,0,400000,EXW,1800,0,0,0,0,0,0,28,0,0,28,0,56,56,56,0,0
Speciality,1330603,SK 38/23 PV IHS,1016837,GEMINI EDIBLES & FATS INDIA LTD,KAKINADA RURAL MANDAL,Domestic,2022,700000,700000,700000,700000,700000,700000,700000,1000000,1000000,1000000,700000,700000,9300000,CIF,1800,360,50000,0,50000,389,389,389,389,389,389,389,556,556,556,389,389
Speciality,1330603,SK 38/23 PV IHS,1011291,Shield Lubricants & Specialities Pv,"CBD,Belapur,Navi-Mumbai",Domestic,2022,15000,9000,24000,18000,6000,21000,9000,16500,7500,7500,9000,7500,150000,EXW,1800,0,0,0,0,8,5,13,10,3,12,5,9,4,4,5,4
Speciality,1330603,SK 38/23 PV IHS,1006578,Balmer Lawrie & Co. Ltd.,Silvasa,Domestic,2022,220000,132000,352000,264000,88000,308000,132000,242000,110000,110000,132000,110000,2200000,CIF,1800,90,7700,0,7700,122,73,196,147,49,171,73,134,61,61,73,61
Speciality,1330603,SK 38/23 PV IHS,1017886,ANA Oils and Fats,"Kakinada, AP, East Godavari",Domestic,2022,0,100000,0,100000,100000,100000,100000,100000,100000,100000,100000,100000,1000000,EXW,1800,0,0,0,0,0,56,0,56,56,56,56,56,56,56,56,56
Speciality,1330603,SK 38/23 PV IHS,1017827,Assurance Intl Limited,"Gurugram, Haryana",Domestic,2022,150000,150000,150000,150000,150000,150000,150000,150000,150000,150000,150000,150000,1800000,EXW,1800,0,0,0,0,83,83,83,83,83,83,83,83,83,83,83,83
Speciality,1330664,SK 38/23 SFB PE,1011903,Sharda containers Pvt Ltd,"NIODA, U.P.",Domestic,2022,50000,50000,50000,50000,50000,50000,50000,50000,50000,50000,50000,50000,600000,EXW,1800,0,0,0,0,28,28,28,28,28,28,28,28,28,28,28,28
Speciality,1330665,SK 38/23 SFB IHS,1011361,Octane Ventures,Raigad,Domestic,2022,750000,450000,1200000,900000,300000,1050000,450000,825000,375000,375000,450000,375000,7500000,EXW,1800,0,0,0,0,417,250,667,500,167,583,250,458,208,208,250,208
Speciality,1330665,SK 38/23 SFB IHS,1014021,Growtech Industry,NEW DELHI,Domestic,2022,600000,600000,600000,600000,600000,600000,600000,600000,600000,600000,600000,600000,7200000,CIF,1800,360,50000,0,50000,333,333,333,333,333,333,333,333,333,333,333,333
Speciality,1330665,SK 38/23 SFB IHS,1016719,Hermanos Polymers,Hyderabad,Domestic,2022,0,180000,0,180000,0,0,180000,0,180000,0,0,180000,900000,EXW,1800,0,0,0,0,0,100,0,100,0,0,100,0,100,0,0,100
Speciality,1330665,SK 38/23 SFB IHS,97300107,KALYAN ENTERPRISE,AHMEDABAD,Domestic,2022,10000,6000,16000,12000,4000,14000,6000,11000,5000,5000,6000,5000,100000,EXW,1800,0,0,0,0,6,3,9,7,2,8,3,6,3,3,3,3
Speciality,1330665,SK 38/23 SFB IHS,97300259,Trimurti Plast Containers P. Ltd.,Pune,Domestic,2022,10000,6000,16000,12000,4000,14000,6000,11000,5000,5000,6000,5000,100000,EXW,1800,0,0,0,0,6,3,9,7,2,8,3,6,3,3,3,3
Speciality,1330665,SK 38/23 SFB IHS,1007519,Yamuna Lubricants Pvt. Ltd.,Palghar,Domestic,2022,5000,3000,8000,6000,2000,7000,3000,5500,2500,2500,3000,2500,50000,EXW,1800,0,0,0,0,3,2,4,3,1,4,2,3,1,1,2,1
Speciality,1330665,SK 38/23 SFB IHS,1010986,Valvoline Cummins Private Limited,Additional Ambernath,Domestic,2022,1740000,1740000,1740000,1740000,1740000,1740000,1740000,1740000,1740000,1740000,1740000,1740000,20880000,CIF,1800,200,8700,0,8700,967,967,967,967,967,967,967,967,967,967,967,967
Speciality,1330665,SK 38/23 SFB IHS,1013411,Savo Polymers & Petro Products (P),Calicut,Domestic,2022,2000,1200,3200,2400,800,2800,1200,2200,1000,1000,1200,1000,20000,EXW,1800,0,0,0,0,1,1,2,1,0,2,1,1,1,1,1,1
Speciality,1330665,SK 38/23 SFB IHS,1015245,UNIVERSAL PETRO-CHEMICALS LTD,RAIGAD,Domestic,2022,70000,42000,112000,84000,28000,98000,42000,77000,35000,35000,42000,35000,700000,CIF,1800,70,4400,0,4400,39,23,62,47,16,54,23,43,19,19,23,19
Speciality,1330665,SK 38/23 SFB IHS,1013871,VINNI CHEMICALS PVT.LTD.,SOLAN,Domestic,2022,50000,50000,50000,50000,50000,50000,50000,50000,50000,50000,50000,50000,600000,CIF,1800,1,220,0,220,28,28,28,28,28,28,28,28,28,28,28,28
Speciality,1330665,SK 38/23 SFB IHS,1014218,INDU PLASTICS,THIRUNINRAVUR,Domestic,2022,5000,3000,8000,6000,2000,7000,3000,5500,2500,2500,3000,2500,50000,EXW,1800,0,0,0,0,3,2,4,3,1,4,2,3,1,1,2,1
Speciality,1330665,SK 38/23 SFB IHS,1016506,OFFSHORE PETROLUBES (OPC) PVT LTD,CHHINDWARA,Domestic,2022,5000,3000,8000,6000,2000,7000,3000,5500,2500,2500,3000,2500,50000,EXW,1800,0,0,0,0,3,2,4,3,1,4,2,3,1,1,2,1
Speciality,1330665,SK 38/23 SFB IHS,1014947,Future Oils & Lubricants Pvt Ltd,"Dunetha, Daman",Domestic,2022,10000,6000,16000,12000,4000,14000,6000,11000,5000,5000,6000,5000,100000,EXW,1800,0,0,0,0,6,3,9,7,2,8,3,6,3,3,3,3
Speciality,1330665,SK 38/23 SFB IHS,1015285,ExxonMobil Lubricants Pvt. Ltd.,"Sion East Mumbai, Mumbai",Domestic,2022,500000,500000,600000,500000,500000,400000,400000,500000,550000,600000,600000,400000,6050000,CIF,1800,200,8200,0,8200,278,278,333,278,278,222,222,278,306,333,333,222
Speciality,1330665,SK 38/23 SFB IHS,1018452,TOTAL OIL INDIA PRIVATE LIMITED,"Andheri (East),Mumbai",Domestic,2022,1200000,1200000,1200000,1200000,1200000,1200000,1200000,1200000,1200000,1200000,1200000,1200000,14400000,CIF,1800,200,10300,0,10300,667,667,667,667,667,667,667,667,667,667,667,667
Speciality,1330665,SK 38/23 SFB IHS,1013889,TTB TOOLING,Pune,Domestic,2022,50000,30000,80000,60000,20000,70000,30000,55000,25000,25000,30000,25000,500000,EXW,1800,0,0,0,0,28,17,44,33,11,39,17,31,14,14,17,14
Speciality,1330665,SK 38/23 SFB IHS,1012127,GULF OIL LUBRICANTS INDIA LIMITED,SILVASSA,Domestic,2022,1800000,1800000,1800000,1800000,1800000,1800000,1800000,1800000,1800000,1800000,1800000,1800000,21600000,CIF,1800,200,8800,0,8800,1000,1000,1000,1000,1000,1000,1000,1000,1000,1000,1000,1000
Speciality,1330665,SK 38/23 SFB IHS,1017828,GULF OIL LUBRICANTS INDIA LIMITED,"THIRUVALLUR, CHENNAI",Domestic,2022,100000,100000,100000,100000,100000,100000,100000,100000,100000,100000,100000,100000,1200000,CIF,1800,360,38500,0,38500,56,56,56,56,56,56,56,56,56,56,56,56
Speciality,1330692,SK 38/19 SFB EPE/IHS SHELL,1012149,Shell India Markets Pvt. Ltd.,"Taloja, Raigad",Domestic,2022,400000,400000,400000,400000,400000,300000,300000,400000,500000,500000,500000,400000,4900000,CIF,2000,200,8200,0,8200,200,200,200,200,200,150,150,200,250,250,250,200
Speciality,1340507,SK 40/24 PV2 IHS,1011291,Shield Lubricants & Specialities Pv,"CBD,Belapur,Navi-Mumbai",Domestic,2022,5000,3000,8000,6000,2000,7000,3000,5500,2500,2500,3000,2500,50000,EXW,1500,0,0,0,0,3,2,5,4,1,5,2,4,2,2,2,2
Speciality,1340507,SK 40/24 PV2 IHS,1011361,Octane Ventures,Raigad,Domestic,2022,50000,30000,80000,60000,20000,70000,30000,55000,25000,25000,30000,25000,500000,EXW,1500,0,0,0,0,33,20,53,40,13,47,20,37,17,17,20,17
Speciality,1340507,SK 40/24 PV2 IHS,1016735,Mount Meru India Pvt Ltd,"Andheri-Kurla Road, Andheri-(East)",Domestic,2022,50000,30000,80000,60000,20000,70000,30000,55000,25000,25000,30000,25000,500000,EXW,1500,0,0,0,0,33,20,53,40,13,47,20,37,17,17,20,17
Speciality,1340507,SK 40/24 PV2 IHS,97300197,Tide Water Oil Co. (India) Ltd.,Kancheepuram,Domestic,2022,245000,245000,260000,245000,240000,240000,240000,245000,245000,245000,245000,245000,2940000,EXW,1500,0,0,0,0,163,163,173,163,160,160,160,163,163,163,163,163
Speciality,1340509,SK 40/24 PV2 W / O LINER,1010970,BLOW PLAST INDUSTRIES,Chennai,Domestic,2022,0,50000,0,0,50000,0,0,0,50000,0,0,50000,200000,EXW,1500,0,0,0,0,0,33,0,0,33,0,0,0,33,0,0,33
Speciality,1340509,SK 40/24 PV2 W / O LINER,1012489,Raaj Unocal Lubricants Limited,"Ballabgarh, Faridabad",Domestic,2022,100000,0,0,0,0,0,0,100000,0,0,0,0,200000,EXW,1500,0,0,0,0,67,0,0,0,0,0,0,67,0,0,0,0
Speciality,1340530,SK 40/24 PV4  CALTEX IHS,1004510,BERICAP MIDDLE EAST FZE.,DUBAI,Export,2022,800000,800000,800000,800000,800000,800000,800000,800000,800000,800000,800000,800000,9600000,CIF,1500,720,146000,0,146000,533,533,533,533,533,533,533,533,533,533,533,533
Speciality,1340590,SK 40/24 PV5 IHS,1004510,BERICAP MIDDLE EAST FZE.,DUBAI,Export,2022,200000,200000,200000,200000,200000,200000,200000,200000,200000,200000,200000,200000,2400000,CIF,1500,720,146000,0,146000,133,133,133,133,133,133,133,133,133,133,133,133
Speciality,1340590,SK 40/24 PV5 IHS,97300197,Tide Water Oil Co. (India) Ltd.,Kancheepuram,Domestic,2022,245000,245000,260000,245000,240000,240000,240000,245000,245000,245000,245000,245000,2940000,EXW,1500,0,0,0,0,163,163,173,163,160,160,160,163,163,163,163,163
Speciality,1340590,SK 40/24 PV5 IHS,97300250,Raj Petro Specialities Pvt. Ltd.,Silvassa,Domestic,2022,25000,15000,40000,30000,10000,35000,15000,27500,12500,12500,15000,12500,250000,EXW,1500,0,0,0,0,17,10,27,20,7,23,10,18,8,8,10,8
Speciality,1340590,SK 40/24 PV5 IHS,1017952,S-CCI INDIA PRIVATE LIMITED,"BHIWADI, ALWAR",Domestic,2022,900000,900000,900000,900000,900000,900000,900000,900000,900000,900000,900000,900000,10800000,EXW,1500,0,0,0,0,600,600,600,600,600,600,600,600,600,600,600,600
Speciality,1340590,SK 40/24 PV5 IHS,1014021,Growtech Industry,NEW DELHI,Domestic,2022,40000,40000,40000,40000,40000,40000,40000,40000,40000,40000,40000,40000,480000,CIF,1500,360,50000,0,50000,27,27,27,27,27,27,27,27,27,27,27,27
Speciality,1340590,SK 40/24 PV5 IHS,1015593,SRI LAKSHMI LUBRICANTS,PALLADAM,Domestic,2022,0,0,0,25000,0,0,0,25000,0,0,25000,0,75000,EXW,1500,0,0,0,0,0,0,0,17,0,0,0,17,0,0,17,0
Speciality,1340590,SK 40/24 PV5 IHS,1013894,MM Plastic Udhyog Pvt Ltd.,Nepal,Export,2022,0,0,150000,0,0,150000,0,0,150000,0,0,150000,600000,EXW,1500,0,0,0,0,0,0,100,0,0,100,0,0,100,0,0,100
Speciality,1340590,SK 40/24 PV5 IHS,1017212,FLONEX OIL TECHNOLOGIES (P) LIMITED,"PIPARIA, SILVASSA",Domestic,2022,15000,9000,24000,18000,6000,21000,9000,16500,7500,7500,9000,7500,150000,EXW,1500,0,0,0,0,10,6,16,12,4,14,6,11,5,5,6,5
Speciality,1340590,SK 40/24 PV5 IHS,1015596,BLOW CAN INDUSTRIES,CHENNAI,Domestic,2022,200000,200000,200000,200000,200000,200000,200000,200000,200000,200000,200000,200000,2400000,CPT,1500,1,220,0,220,133,133,133,133,133,133,133,133,133,133,133,133
Speciality,1340590,SK 40/24 PV5 IHS,1010986,Valvoline Cummins Private Limited,Additional Ambernath,Domestic,2022,190000,190000,190000,190000,190000,190000,190000,190000,190000,190000,190000,190000,2280000,CIF,1500,200,8700,0,8700,127,127,127,127,127,127,127,127,127,127,127,127
Speciality,1340590,SK 40/24 PV5 IHS,1017115,MARK LUBES PVT .LTD.,PALGHAR,Domestic,2022,30000,18000,48000,36000,12000,42000,18000,33000,15000,15000,18000,15000,300000,EXW,1500,0,0,0,0,20,12,32,24,8,28,12,22,10,10,12,10
Speciality,1340590,SK 40/24 PV5 IHS,1017827,Assurance Intl Limited,"Gurugram, Haryana",Domestic,2022,40000,40000,40000,40000,40000,40000,40000,40000,40000,40000,40000,40000,480000,EXW,1500,0,0,0,0,27,27,27,27,27,27,27,27,27,27,27,27
Speciality,1340590,SK 40/24 PV5 IHS,1006958,GS Caltex India Private Limited,Mumbai,Domestic,2022,150000,200000,200000,200000,150000,100000,100000,150000,200000,200000,200000,150000,2000000,CIF,1500,140,7200,0,7200,100,133,133,133,100,67,67,100,133,133,133,100
Speciality,1340590,SK 40/24 PV5 IHS,1017828,GULF OIL LUBRICANTS INDIA LIMITED,"THIRUVALLUR, CHENNAI",Domestic,2022,120000,120000,120000,120000,120000,120000,120000,120000,120000,120000,120000,120000,1440000,CIF,1500,360,38500,0,38500,80,80,80,80,80,80,80,80,80,80,80,80
Speciality,1340590,SK 40/24 PV5 IHS,1012127,GULF OIL LUBRICANTS INDIA LIMITED,SILVASSA,Domestic,2022,15000,15000,15000,15000,15000,15000,15000,15000,15000,15000,15000,15000,180000,CIF,1500,200,8800,0,8800,10,10,10,10,10,10,10,10,10,10,10,10
Speciality,1340590,SK 40/24 PV5 IHS,1015424,Petronas Lubricants (India) Private,"Chakala,Andher(E), Mumbai",Domestic,2022,300000,300000,350000,350000,300000,300000,300000,350000,350000,400000,400000,300000,4000000,CPT,1500,200,10300,0,10300,200,200,233,233,200,200,200,233,233,267,267,200
Speciality,1340591,SK 40/24 PV6 IHS CASTROL,1007565,Castrol India Ltd.,Patalganga,Domestic,2022,3325000,3825000,3825000,3325000,3325000,2825000,2825000,3325000,3825000,3825000,3825000,3325000,41400000,CIF,1500,200,8500,0,8500,2217,2550,2550,2217,2217,1883,1883,2217,2550,2550,2550,2217
Speciality,1340591,SK 40/24 PV6 IHS CASTROL,1011887,Castrol India Limited,Silvassa,Domestic,2022,1000000,1000000,1000000,1000000,1000000,1000000,1000000,1000000,1000000,1000000,1000000,1000000,12000000,CPT,1500,140,8800,0,8800,667,667,667,667,667,667,667,667,667,667,667,667
Speciality,1340591,SK 40/24 PV6 IHS CASTROL,1014398,Castrol India Ltd,Kolkata,Domestic,2022,3000000,3500000,3500000,3000000,3000000,2500000,2500000,3000000,3500000,3500000,3500000,3000000,37500000,CPT,1500,360,76700,0,76700,2000,2333,2333,2000,2000,1667,1667,2000,2333,2333,2333,2000
Speciality,1340702,SK 43/17 SFB IHS SHELL,1012149,Shell India Markets Pvt. Ltd.,"Taloja, Raigad",Domestic,2022,40000,40000,45000,40000,40000,35000,35000,45000,45000,50000,50000,40000,505000,CIF,2000,200,8200,0,8200,20,20,23,20,20,18,18,23,23,25,25,20
Speciality,1342102,TSV 40-1 PV SHORT SPOUT,1011361,Octane Ventures,Raigad,Domestic,2022,50000,30000,80000,60000,20000,70000,30000,55000,25000,25000,30000,25000,500000,EXW,850,0,0,0,0,59,35,94,71,24,82,35,65,29,29,35,29
Speciality,1342102,TSV 40-1 PV SHORT SPOUT,1014021,Growtech Industry,NEW DELHI,Domestic,2022,50000,30000,80000,60000,20000,70000,30000,55000,25000,25000,30000,25000,500000,CIF,850,360,50000,0,50000,59,35,94,71,24,82,35,65,29,29,35,29
Speciality,1342103,TSV 40-1 PV LONG SPOUT,1006578,Balmer Lawrie & Co. Ltd.,Silvasa,Domestic,2022,15000,9000,24000,18000,6000,21000,9000,16500,7500,7500,9000,7500,150000,CIF,850,90,7700,0,7700,18,11,28,21,7,25,11,19,9,9,11,9
Speciality,1342103,TSV 40-1 PV LONG SPOUT,97300197,Tide Water Oil Co. (India) Ltd.,Kancheepuram,Domestic,2022,110000,130000,130000,90000,90000,90000,90000,100000,110000,130000,130000,110000,1310000,EXW,850,0,0,0,0,129,153,153,106,106,106,106,118,129,153,153,129
Speciality,1342103,TSV 40-1 PV LONG SPOUT,1010986,Valvoline Cummins Private Limited,Additional Ambernath,Domestic,2022,100000,100000,100000,100000,100000,100000,100000,100000,100000,100000,100000,100000,1200000,CIF,850,200,8700,0,8700,118,118,118,118,118,118,118,118,118,118,118,118
Speciality,1342103,TSV 40-1 PV LONG SPOUT,1013521,BHARAT PETROLEUM CORPORATION.LTD.,"TONDIARPET, CHENNAI",Domestic,2022,135000,140000,140000,130000,130000,120000,120000,120000,140000,145000,145000,135000,1600000,CPT,850,360,38500,0,38500,159,165,165,153,153,141,141,141,165,171,171,159
Speciality,1342103,TSV 40-1 PV LONG SPOUT,1012127,GULF OIL LUBRICANTS INDIA LIMITED,SILVASSA,Domestic,2022,100000,100000,100000,100000,100000,100000,100000,100000,100000,100000,100000,100000,1200000,CIF,850,200,8800,0,8800,118,118,118,118,118,118,118,118,118,118,118,118
Speciality,1342103,TSV 40-1 PV LONG SPOUT,1014224,VARDHAMAN PLASTOCHEM PVT. LTD.,Daman,Domestic,2022,100000,100000,100000,100000,100000,100000,100000,100000,100000,100000,100000,100000,1200000,CIF,850,140,8200,0,8200,118,118,118,118,118,118,118,118,118,118,118,118
Speciality,1342103,TSV 40-1 PV LONG SPOUT,97300225,Gandharoil Refinery India Ltd.,Silvassa,Domestic,2022,5000,3000,8000,6000,2000,7000,3000,5500,2500,2500,3000,2500,50000,EXW,850,0,0,0,0,6,4,9,7,2,8,4,6,3,3,4,3
Speciality,1342103,TSV 40-1 PV LONG SPOUT,1011291,Shield Lubricants & Specialities Pv,"CBD,Belapur,Navi-Mumbai",Domestic,2022,5000,3000,8000,6000,2000,7000,3000,5500,2500,2500,3000,2500,50000,EXW,850,0,0,0,0,6,4,9,7,2,8,4,6,3,3,4,3
Speciality,1342103,TSV 40-1 PV LONG SPOUT,1015285,ExxonMobil Lubricants Pvt. Ltd.,"Sion East Mumbai, Mumbai",Domestic,2022,50000,50000,70000,50000,50000,40000,40000,50000,60000,70000,70000,50000,650000,CIF,850,200,8200,0,8200,59,59,82,59,59,47,47,59,71,82,82,59
Speciality,1342103,TSV 40-1 PV LONG SPOUT,97300091,Hindustan Petroleum Corp.Ltd.,Mumbai,Domestic,2022,150000,150000,150000,150000,150000,150000,150000,150000,150000,150000,150000,150000,1800000,CPT,850,200,10300,0,10300,176,176,176,176,176,176,176,176,176,176,176,176
Speciality,1342103,TSV 40-1 PV LONG SPOUT,97300153,Quebec Petroleum Resources Ltd.,Vadodara,Domestic,2022,10000,6000,16000,12000,4000,14000,6000,11000,5000,5000,6000,5000,100000,EXW,850,0,0,0,0,12,7,19,14,5,16,7,13,6,6,7,6
Speciality,1342103,TSV 40-1 PV LONG SPOUT,97300258,Sterlite Lubricants Pvt. Ltd.,Ahmedabad,Domestic,2022,5000,3000,8000,6000,2000,7000,3000,5500,2500,2500,3000,2500,50000,CPT,850,1,220,0,220,6,4,9,7,2,8,4,6,3,3,4,3
Speciality,1342103,TSV 40-1 PV LONG SPOUT,1012149,Shell India Markets Pvt. Ltd.,"Taloja, Raigad",Domestic,2022,120000,120000,120000,120000,100000,100000,90000,90000,100000,120000,120000,100000,1300000,CIF,850,200,8200,0,8200,141,141,141,141,118,118,106,106,118,141,141,118
Speciality,1342103,TSV 40-1 PV LONG SPOUT,1017827,Assurance Intl Limited,"Gurugram, Haryana",Domestic,2022,5000,5000,5000,5000,5000,5000,5000,5000,5000,5000,5000,5000,60000,EXW,850,0,0,0,0,6,6,6,6,6,6,6,6,6,6,6,6
Speciality,1342103,TSV 40-1 PV LONG SPOUT,97300250,Raj Petro Specialities Pvt. Ltd.,Silvassa,Domestic,2022,25000,15000,40000,30000,10000,35000,15000,27500,12500,12500,15000,12500,250000,EXW,850,0,0,0,0,29,18,47,35,12,41,18,32,15,15,18,15
Speciality,1342103,TSV 40-1 PV LONG SPOUT,1007603,Standard Greases & Specialities Pvt,Silvassa,Domestic,2022,200000,200000,200000,200000,190000,180000,180000,190000,200000,200000,200000,200000,2340000,EXW,850,0,0,0,0,235,235,235,235,224,212,212,224,235,235,235,235
Speciality,1342111,TSV 40-2 PV LSP,1007565,Castrol India Ltd.,Patalganga,Domestic,2022,530000,470000,470000,400000,480000,350000,340000,430000,600000,620000,700000,600000,5990000,CIF,850,200,8500,0,8500,624,553,553,471,565,412,400,506,706,729,824,706
Speciality,1346201,SK 40/23 SFB CUT IHS - ADAMA,1018329,Adama India Private Limited,Bharuch,Domestic,2022,3030000,1818000,4848000,3636000,1212000,4242000,1818000,3333000,1090000,1090000,1308000,1090000,28515000,CIF,1700,360,22600,0,22600,1782,1069,2852,2139,713,2495,1069,1961,641,641,769,641
Speciality,1346203,SK 40/23 SFB IHS PET - ADAMA,1018329,Adama India Private Limited,Bharuch,Domestic,2022,245000,147000,1376000,1282000,1094000,1329000,1141000,1258500,1117500,217500,241000,217500,9666000,CIF,1700,360,22600,0,22600,144,86,809,754,644,782,671,740,657,128,142,128
Speciality,1346204,SK 40/23 SFB IHS VENT - ADAMA,1018329,Adama India Private Limited,Bharuch,Domestic,2022,130000,78000,208000,156000,52000,182000,78000,143000,65000,65000,78000,65000,1300000,CIF,1700,360,22600,0,22600,76,46,122,92,31,107,46,84,38,38,46,38
Speciality,1352902,SK 50/21 SFB IHS,1017865,WELLMAC PLASTICS PRIVATE LIMITED,DAMAN,Domestic,2022,20000,0,20000,0,20000,0,20000,0,20000,0,20000,0,120000,CIF,1200,1,220,0,220,17,0,17,0,17,0,17,0,17,0,17,0
Speciality,1352902,SK 50/21 SFB IHS,1006958,GS Caltex India Private Limited,Mumbai,Domestic,2022,8500,8500,8500,8500,8500,8500,8500,8500,8500,8500,8500,8500,102000,CIF,1200,140,7200,0,7200,7,7,7,7,7,7,7,7,7,7,7,7
Speciality,1352902,SK 50/21 SFB IHS,1015285,ExxonMobil Lubricants Pvt. Ltd.,"Sion East Mumbai, Mumbai",Domestic,2022,250000,250000,300000,250000,250000,200000,200000,250000,300000,300000,300000,200000,3050000,CIF,1200,200,8200,0,8200,208,208,250,208,208,167,167,208,250,250,250,167
Speciality,1352924,SK 50/21-2 SFB RPL,1018452,TOTAL OIL INDIA PRIVATE LIMITED,"Andheri (East),Mumbai",Domestic,2022,240000,240000,240000,240000,240000,240000,240000,240000,240000,240000,240000,240000,2880000,CIF,1200,200,10300,0,10300,200,200,200,200,200,200,200,200,200,200,200,200
Speciality,1361760,SK 60/31 MAB EPE IHS,1016133,GRAHAM BLOW PACK PVT. LTD UNIT-2,Daman,Domestic,2022,0,10000,0,10000,0,10000,0,10000,0,10000,0,10000,60000,CIF,550,1,220,0,220,0,18,0,18,0,18,0,18,0,18,0,18
Speciality,1470202,ABV 79/9 (PP),1013844,JOLLY CONTAINERS,Dadra Nagar Haveli & Daman & Diu,Domestic,2022,5000,3000,8000,6000,2000,7000,3000,5500,2500,2500,3000,2500,50000,EXW,500,0,0,0,0,10,6,16,12,4,14,6,11,5,5,6,5
Speciality,1470202,ABV 79/9 (PP),1017100,BHAVYA CONTAINERS & ESTATE COMPANY,"NARODA,AHMEDABAD",Domestic,2022,5000,3000,8000,6000,2000,7000,3000,5500,2500,2500,3000,2500,50000,EXW,500,0,0,0,0,10,6,16,12,4,14,6,11,5,5,6,5
Speciality,1520201,EV 21/20  MAG (7740),1007417,Ambati Subbanna & Co. Oil Firm,Samalkot,Domestic,2022,0,1000000,0,0,0,1000000,0,0,1000000,0,0,1000000,4000000,EXW,3800,0,0,0,0,0,263,0,0,0,263,0,0,263,0,0,263
Speciality,1520201,EV 21/20  MAG (7740),1016903,Ravi Oil Refineries,"GondaL,  Rajkot",Domestic,2022,50000,30000,80000,60000,20000,70000,30000,55000,25000,25000,30000,25000,500000,CIF,3800,1,220,0,220,13,8,21,16,5,18,8,14,7,7,8,7
Speciality,1520201,EV 21/20  MAG (7740),1017260,GULAB OIL AND FOOD (AHMEDABAD) PVT.,"TAL : KALOL, RAKANPUR",Domestic,2022,200000,120000,320000,240000,80000,280000,120000,220000,100000,100000,120000,100000,2000000,CIF,3800,1,220,0,220,53,32,84,63,21,74,32,58,26,26,32,26
Speciality,1520201,EV 21/20  MAG (7740),1017839,Budge Budge Refineries Ltd.,Kolkata,Domestic,2022,500000,300000,800000,600000,200000,700000,300000,550000,250000,250000,300000,250000,5000000,EXW,3800,0,0,0,0,132,79,211,158,53,184,79,145,66,66,79,66
Speciality,1520201,EV 21/20  MAG (7740),1016402,Shree Hari Food Products Pvt. Ltd.,Bharatpur,Domestic,2022,500000,500000,500000,500000,500000,500000,500000,500000,500000,500000,500000,500000,6000000,CIF,3800,360,49500,0,49500,132,132,132,132,132,132,132,132,132,132,132,132
Speciality,1520201,EV 21/20  MAG (7740),97300080,Hari Vegitable Products Pvt Ltd,Bharatpur,Domestic,2022,250000,250000,250000,250000,250000,250000,250000,250000,250000,250000,250000,250000,3000000,CIF,3800,360,49500,0,49500,66,66,66,66,66,66,66,66,66,66,66,66
Speciality,1520201,EV 21/20  MAG (7740),97300168,Shree Hari Industries (Hari Oil Mil,Bharatpur,Domestic,2022,500000,500000,500000,500000,500000,500000,500000,500000,500000,500000,500000,500000,6000000,CIF,3800,360,49500,0,49500,132,132,132,132,132,132,132,132,132,132,132,132
Speciality,1520201,EV 21/20  MAG (7740),1016837,GEMINI EDIBLES & FATS INDIA LTD,KAKINADA RURAL MANDAL,Domestic,2022,1000000,0,1000000,0,1000000,1000000,0,1500000,1500000,1000000,0,1000000,9000000,CIF,3800,360,50000,0,50000,263,0,263,0,263,263,0,395,395,263,0,263
Speciality,1520201,EV 21/20  MAG (7740),1015354,T.M.M.R.RATHINASAMY NADAR & CO,VIRUDHUNAGAR,Domestic,2022,0,0,100000,0,0,0,100000,100000,100000,0,0,0,400000,EXW,3800,0,0,0,0,0,0,26,0,0,0,26,26,26,0,0,0
Speciality,1520201,EV 21/20  MAG (7740),1017071,Weener Empire Plastics Pvt. Ltd.,"Baramati, Pune",Domestic,2022,7000,7000,7000,7000,7000,7000,7000,7000,7000,7000,7000,7000,84000,CIF,3800,1,220,0,220,2,2,2,2,2,2,2,2,2,2,2,2
Speciality,1520201,EV 21/20  MAG (7740),1016735,Mount Meru India Pvt Ltd,"Andheri-Kurla Road, Andheri-(East)",Domestic,2022,900000,540000,1440000,1080000,360000,1260000,540000,990000,450000,450000,540000,450000,9000000,EXW,3800,0,0,0,0,237,142,379,284,95,332,142,261,118,118,142,118
Speciality,1520201,EV 21/20  MAG (7740),1015978,S. R. PROTEINS PVT. LTD.,JAIPUR,Domestic,2022,300000,300000,300000,300000,300000,300000,300000,300000,300000,300000,300000,300000,3600000,CIF,3800,1,220,0,220,79,79,79,79,79,79,79,79,79,79,79,79
Speciality,1520201,EV 21/20  MAG (7740),1017926,VIDHYASAGAR PROTIENS PVT LTD,JAIPUR,Domestic,2022,125000,125000,125000,125000,125000,125000,125000,125000,125000,125000,125000,125000,1500000,CIF,3800,1,220,0,220,33,33,33,33,33,33,33,33,33,33,33,33
Speciality,1520201,EV 21/20  MAG (7740),1015369,BUNGE INDIA PVT LTD,"BHACHAU, KUTCH",Domestic,2022,1000000,600000,1600000,1200000,400000,1400000,600000,1100000,500000,500000,600000,500000,10000000,CIF,3800,200,28800,0,28800,263,158,421,316,105,368,158,289,132,132,158,132
Speciality,1520201,EV 21/20  MAG (7740),1016352,BUNGE INDIA PVT. LTD.,RAJPURA,Domestic,2022,1000000,600000,1600000,1200000,400000,1400000,600000,1100000,500000,500000,600000,500000,10000000,CIF,3800,360,56900,0,56900,263,158,421,316,105,368,158,289,132,132,158,132
Speciality,1520201,EV 21/20  MAG (7740),1016633,SWAMYMALAI MURUGAN TRADERS,"ALLAMPATTI, VIRUDHUNAGAR",Domestic,2022,0,500000,0,500000,0,500000,0,500000,500000,500000,500000,0,3500000,CIF,3800,1,220,0,220,0,132,0,132,0,132,0,132,132,132,132,0
Speciality,1523003,CTC 29/13,1006563,Rays Polymers Pvt. Ltd.,Kanpur,Domestic,2022,25000,25000,25000,25000,25000,25000,25000,25000,25000,25000,25000,25000,300000,CIF,6000,360,61200,0,61200,4,4,4,4,4,4,4,4,4,4,4,4
Speciality,1523003,CTC 29/13,1008973,Mahesh Edible Oil Industries Ltd.,Agra,Domestic,2022,2000000,2000000,2000000,2000000,2000000,2000000,2000000,2000000,2000000,2000000,2000000,2000000,24000000,CIF,6000,360,51500,0,51500,333,333,333,333,333,333,333,333,333,333,333,333
Speciality,1523003,CTC 29/13,1009433,Universal Infra & Agri Oils Pvt.Ltd,Odihsa,Domestic,2022,500000,500000,500000,500000,500000,500000,500000,500000,500000,500000,500000,500000,6000000,CPT,6000,360,68900,0,68900,83,83,83,83,83,83,83,83,83,83,83,83
Speciality,1523003,CTC 29/13,1012218,Multipro Polymers Industries,Kanpur,Domestic,2022,50000,50000,50000,50000,50000,50000,50000,50000,50000,50000,50000,50000,600000,CIF,6000,360,61200,0,61200,8,8,8,8,8,8,8,8,8,8,8,8
Speciality,1523003,CTC 29/13,1013463,Regent Enterprises Limited,Meerut,Domestic,2022,400000,400000,400000,400000,400000,400000,400000,400000,400000,400000,400000,400000,4800000,CIF,6000,1,220,0,220,67,67,67,67,67,67,67,67,67,67,67,67
Speciality,1523003,CTC 29/13,1014579,Emami Agrotech Limited,"Dudu, Jaipur",Domestic,2022,1500000,1500000,1500000,1500000,1500000,1500000,1500000,1500000,1500000,1500000,1500000,1500000,18000000,CIF,6000,360,44000,0,44000,250,250,250,250,250,250,250,250,250,250,250,250
Speciality,1523003,CTC 29/13,1015258,KTV Health food Pvt ltd,Chennai,Domestic,2022,0,200000,0,200000,0,200000,0,200000,0,300000,0,200000,1300000,CIF,6000,1,220,0,220,0,33,0,33,0,33,0,33,0,50,0,33
Speciality,1523003,CTC 29/13,1016987,GEMINI EDIBILES & FATS INDIA LTD,JAGATPUR- CUTTACK,Domestic,2022,0,0,264000,0,0,264000,0,0,264000,0,0,264000,1056000,CIF,6000,1,220,0,220,0,0,44,0,0,44,0,0,44,0,0,44
Speciality,1523003,CTC 29/13,97300170,Shree Seco Pvt.Ltd.,Sakhoon Highway,Domestic,2022,300000,300000,300000,300000,300000,300000,300000,300000,300000,300000,300000,300000,3600000,EXW,6000,0,0,0,0,50,50,50,50,50,50,50,50,50,50,50,50
Speciality,1523003,CTC 29/13,97300236,Ashwarya Electricals Pvt Ltd,Kanpur,Domestic,2022,50000,50000,50000,50000,50000,50000,50000,50000,50000,50000,50000,50000,600000,CIF,6000,360,61200,0,61200,8,8,8,8,8,8,8,8,8,8,8,8
Speciality,1523003,CTC 29/13,97300245,Mantora Oil Products Ltd.,Kanpur-Dehat,Domestic,2022,200000,200000,200000,200000,200000,200000,200000,200000,200000,200000,200000,200000,2400000,CIF,6000,360,61200,0,61200,33,33,33,33,33,33,33,33,33,33,33,33
Speciality,1523003,CTC 29/13,1007417,Ambati Subbanna & Co. Oil Firm,Samalkot,Domestic,2022,100000,0,0,0,100000,0,0,100000,0,0,0,0,300000,EXW,6000,0,0,0,0,17,0,0,0,17,0,0,17,0,0,0,0
Speciality,1523003,CTC 29/13,1010823,BHARAT OIL INDUSTRIES,GHAZIABAD,Domestic,2022,500000,500000,500000,500000,500000,500000,500000,500000,500000,500000,500000,500000,6000000,CIF,6000,360,50600,0,50600,83,83,83,83,83,83,83,83,83,83,83,83
Speciality,1523003,CTC 29/13,1010975,BHARAT AGRO OIL  PVT LTD,GHAZIABAD,Domestic,2022,500000,500000,500000,500000,500000,500000,500000,500000,500000,500000,500000,500000,6000000,CIF,6000,360,50600,0,50600,83,83,83,83,83,83,83,83,83,83,83,83
Speciality,1523003,CTC 29/13,97300054,Coral Health Care,Hyderabad,Domestic,2022,0,0,200000,0,0,0,0,200000,0,0,0,200000,600000,EXW,6000,0,0,0,0,0,0,33,0,0,0,0,33,0,0,0,33
Speciality,1524301,CTC  26/10  (4330),1006563,Rays Polymers Pvt. Ltd.,Kanpur,Domestic,2022,3000000,3000000,3000000,3000000,3000000,3000000,3000000,3000000,3000000,3000000,3000000,3000000,36000000,CIF,10000,360,61200,0,61200,300,300,300,300,300,300,300,300,300,300,300,300
Speciality,1524301,CTC  26/10  (4330),1008973,Mahesh Edible Oil Industries Ltd.,Agra,Domestic,2022,1000000,1000000,1000000,1000000,1000000,1000000,1000000,1000000,1000000,1000000,1000000,1000000,12000000,CIF,10000,360,51500,0,51500,100,100,100,100,100,100,100,100,100,100,100,100
Speciality,1524301,CTC  26/10  (4330),1012218,Multipro Polymers Industries,Kanpur,Domestic,2022,500000,500000,500000,500000,500000,500000,500000,500000,500000,500000,500000,500000,6000000,CIF,10000,360,61200,0,61200,50,50,50,50,50,50,50,50,50,50,50,50
Speciality,1524301,CTC  26/10  (4330),1013463,Regent Enterprises Limited,Meerut,Domestic,2022,20000,20000,20000,20000,20000,20000,20000,20000,20000,20000,20000,20000,240000,CIF,10000,1,220,0,220,2,2,2,2,2,2,2,2,2,2,2,2
Speciality,1524301,CTC  26/10  (4330),1015573,Diksha Polymers Pvt Ltd.,Gwalior,Domestic,2022,500000,500000,500000,500000,500000,500000,500000,500000,500000,500000,500000,500000,6000000,CIF,10000,1,220,0,220,50,50,50,50,50,50,50,50,50,50,50,50
Speciality,1524301,CTC  26/10  (4330),1017575,Emami Agrotech Ltd.,Kolkata,Domestic,2022,4000000,4000000,4000000,4000000,4000000,4000000,4000000,4000000,4000000,4000000,4000000,4000000,48000000,CPT,10000,360,76700,0,76700,400,400,400,400,400,400,400,400,400,400,400,400
Speciality,1524301,CTC  26/10  (4330),97300110,Kanpur Edibles Pvt. Ltd.,Kanpur,Domestic,2022,2000000,2000000,2000000,2000000,2000000,2000000,2000000,2000000,2000000,2000000,2000000,2000000,24000000,CIF,10000,360,61200,0,61200,200,200,200,200,200,200,200,200,200,200,200,200
Speciality,1524301,CTC  26/10  (4330),97300236,Ashwarya Electricals Pvt Ltd,Kanpur,Domestic,2022,1000000,1000000,1000000,1000000,1000000,1000000,1000000,1000000,1000000,1000000,1000000,1000000,12000000,CIF,10000,360,61200,0,61200,100,100,100,100,100,100,100,100,100,100,100,100
Speciality,1524301,CTC  26/10  (4330),97300245,Mantora Oil Products Ltd.,Kanpur-Dehat,Domestic,2022,1200000,1200000,1200000,1200000,1200000,1200000,1200000,1200000,1200000,1200000,1200000,1200000,14400000,CIF,10000,360,61200,0,61200,120,120,120,120,120,120,120,120,120,120,120,120
Speciality,1524301,CTC  26/10  (4330),1010823,BHARAT OIL INDUSTRIES,GHAZIABAD,Domestic,2022,100000,100000,100000,100000,100000,100000,100000,100000,100000,100000,100000,100000,1200000,CIF,10000,360,50600,0,50600,10,10,10,10,10,10,10,10,10,10,10,10
Beverage,1704001,DS SUS 22/14 7040 SFB,1009692,Hindustan Coca Cola Bev. Pvt. Ltd.,"Bidadi, Hobli",Domestic,2022,12000000,15000000,25000000,25000000,25000000,20000000,18000000,15000000,20000000,20000000,10000000,10000000,215000000,CIF,8500,360,30800,0,30800,1412,1765,2941,2941,2941,2353,2118,1765,2353,2353,1176,1176
Beverage,1704001,DS SUS 22/14 7040 SFB,1012637,Hindustan Coca Cola Beverages Pvt L,Medak,Domestic,2022,25000000,30000000,40000000,50000000,50000000,45000000,30000000,30000000,45000000,35000000,25000000,25000000,430000000,CIF,8500,624,48200,0,48200,2941,3529,4706,5882,5882,5294,3529,3529,5294,4118,2941,2941
Beverage,1704001,DS SUS 22/14 7040 SFB,1014681,HINDUSTAN COCA-COLA BEVERAGES PVT L,Ahmedabad,Domestic,2022,15000000,20000000,50000000,50000000,50000000,45000000,35000000,30000000,45000000,35000000,15000000,15000000,405000000,CIF,8500,360,25200,0,25200,1765,2353,5882,5882,5882,5294,4118,3529,5294,4118,1765,1765
Beverage,1704001,DS SUS 22/14 7040 SFB,1014682,Bottlers Nepal (Terai) Ltd.,Nepal,Domestic,2022,6000000,8000000,12000000,12000000,15000000,6000000,4000000,4000000,6000000,6000000,4000000,4000000,87000000,EXW,8500,0,0,0,0,706,941,1412,1412,1765,706,471,471,706,706,471,471
Beverage,1704001,DS SUS 22/14 7040 SFB,1017101,International Beverages Private Lim,Bangladesh,Export,2022,20000000,24000000,25000000,16000000,16000000,16000000,12000000,14000000,16000000,16000000,8000000,6000000,189000000,CIF,8500,720,310000,0,310000,2353,2824,2941,1882,1882,1882,1412,1647,1882,1882,941,706
Beverage,1704001,DS SUS 22/14 7040 SFB,97300028,Bengal Beverages Pvt.Ltd.,Hooghly,Domestic,2022,10000000,12000000,25000000,25000000,25000000,20000000,10000000,10000000,15000000,15000000,8000000,6000000,181000000,CIF,8500,624,105500,0,105500,1176,1412,2941,2941,2941,2353,1176,1176,1765,1765,941,706
Beverage,1704001,DS SUS 22/14 7040 SFB,97300086,Hindustan Coca Cola Bev. Pvt. Ltd.,Goblej,Domestic,2022,10000000,12000000,30000000,30000000,30000000,20000000,10000000,10000000,12000000,12000000,8000000,8000000,192000000,CIF,8500,360,25200,0,25200,1176,1412,3529,3529,3529,2353,1176,1176,1412,1412,941,941
Beverage,1704001,DS SUS 22/14 7040 SFB,97300087,Hindustan Coca Cola Bev. Pvt. Ltd.,Guntur,Domestic,2022,10000000,12000000,30000000,30000000,30000000,20000000,10000000,10000000,12000000,12000000,8000000,8000000,192000000,CIF,8500,624,65600,0,65600,1176,1412,3529,3529,3529,2353,1176,1176,1412,1412,941,941
Beverage,1704001,DS SUS 22/14 7040 SFB,1015345,SLMG Beverages Pvt. Ltd.,Lucknow,Domestic,2022,15000000,15000000,30000000,25000000,25000000,20000000,10000000,10000000,15000000,15000000,8000000,6000000,194000000,CIF,8500,624,90200,0,90200,1765,1765,3529,2941,2941,2353,1176,1176,1765,1765,941,706
Beverage,1704001,DS SUS 22/14 7040 SFB,1015888,KANDHARI BEVERAGES PVT LTD,AMBALA,Domestic,2022,10000000,12000000,12000000,14000000,14000000,14000000,8000000,8000000,10000000,10000000,4000000,4000000,120000000,CPT,8500,624,78000,0,78000,1176,1412,1412,1647,1647,1647,941,941,1176,1176,471,471
Beverage,1706421,DS28 7064 HF SHORT BORESEAL 120KN UNI,1006937,Cargills Agrifoods Ltd.,Colombo,Export,2022,1400000,1400000,1400000,1400000,1400000,1400000,1400000,1400000,1400000,1400000,1400000,1400000,16800000,CIF,4250,331,145000,0,145000,329,329,329,329,329,329,329,329,329,329,329,329
Beverage,1706421,DS28 7064 HF SHORT BORESEAL 120KN UNI,1013150,LANKA CANNERIES LIMITED,Colombo 05,Export,2022,0,0,1400000,0,0,0,1400000,0,0,1400000,0,0,4200000,EXW,4250,0,0,0,0,0,0,329,0,0,0,329,0,0,329,0,0
Beverage,1708401,DS SUS 28/16 7084 SFB CSD2,1018347,Varun Beverages Limited,Kanpur,Domestic,2022,3000000,3000000,5000000,5000000,5000000,5000000,1000000,1000000,2000000,2000000,0,0,32000000,CIF,5000,624,71300,0,71300,600,600,1000,1000,1000,1000,200,200,400,400,0,0
Beverage,1708501,DS SUS 28/16 7085 SFB CSD3,1016427,Varun Beverages,Mahul. Mumbai,Domestic,2022,3000000,5000000,5000000,6000000,6000000,6000000,2000000,2000000,3000000,2000000,1000000,1000000,42000000,CIF,5000,360,12900,0,12900,600,1000,1000,1200,1200,1200,400,400,600,400,200,200
Beverage,1708502,DS SUS 28/16 7085 SFB 1 COL PR,1007343,Hindustan Coca Cola Bev. Pvt. Ltd.,Pune,Domestic,2022,4000000,5000000,6000000,6000000,6000000,6000000,4000000,4000000,6000000,6000000,3000000,3000000,59000000,CIF,5000,140,6300,0,6300,800,1000,1200,1200,1200,1200,800,800,1200,1200,600,600
Beverage,1708502,DS SUS 28/16 7085 SFB 1 COL PR,1015941,Hindustan coca cola Beverages Pvt L,"Siliguri, Raninagar",Domestic,2022,6000000,15000000,20000000,18000000,18000000,18000000,8000000,8000000,15000000,15000000,8000000,6000000,155000000,CIF,5000,624,128000,0,128000,1200,3000,4000,3600,3600,3600,1600,1600,3000,3000,1600,1200
Beverage,1708502,DS SUS 28/16 7085 SFB 1 COL PR,97300087,Hindustan Coca Cola Bev. Pvt. Ltd.,Guntur,Domestic,2022,8000000,8000000,12000000,12000000,12000000,8000000,6000000,6000000,8000000,8000000,4000000,4000000,96000000,CIF,5000,624,65600,0,65600,1600,1600,2400,2400,2400,1600,1200,1200,1600,1600,800,800
Beverage,1708502,DS SUS 28/16 7085 SFB 1 COL PR,97300089,Hindustan Coca Cola Bev. Pvt. Ltd.,Wada,Domestic,2022,6000000,8000000,16000000,15000000,15000000,15000000,8000000,8000000,12000000,12000000,8000000,8000000,131000000,CIF,5000,360,12300,0,12300,1200,1600,3200,3000,3000,3000,1600,1600,2400,2400,1600,1600
Beverage,1708503,DS SUS 28/16 7085 SFB 2 COL PR,1016427,Varun Beverages,Mahul. Mumbai,Domestic,2022,1000000,1000000,2000000,2000000,2000000,2000000,1000000,1000000,2000000,2000000,1000000,1000000,18000000,CIF,5000,360,12900,0,12900,200,200,400,400,400,400,200,200,400,400,200,200
Beverage,1709401,DS SUS 28/16 7094 SFB CSD STILL,1004510,BERICAP MIDDLE EAST FZE.,Male,Export,2022,0,0,3600000,0,0,3600000,0,0,3600000,0,3600000,0,14400000,CIF,5000,720,325000,0,325000,0,0,720,0,0,720,0,0,720,0,720,0
Beverage,1710001,DS SUS 28/15 7100 SIB DIAMOND,97300042,Bisleri International Pvt. Ltd.,Rudrapur,Domestic,2022,0,2000000,3000000,3000000,3000000,0,0,0,0,0,0,0,11000000,CPT,4800,624,81000,0,81000,0,417,625,625,625,0,0,0,0,0,0,0
Speciality,1721731,LIQPROOF PLS 59 1-COLPR,1015789,ALLIED BLENDERS & DISTILLERS PVT LT,DISTRICT WANAPARTHY,Domestic,2022,0,0,0,0,500000,1000000,1500000,2000000,2000000,2000000,2000000,2000000,13000000,EXW,950,0,0,0,0,0,0,0,0,526,1053,1579,2105,2105,2105,2105,2105
Speciality,1721731,LIQPROOF PLS 59 1-COLPR,1016257,AlliedBlendersandDistillersPvt,Chittoor,Domestic,2022,0,0,0,0,500000,2000000,2000000,2000000,2000000,2000000,2000000,2000000,14500000,EXW,950,0,0,0,0,0,0,0,0,526,2105,2105,2105,2105,2105,2105,2105
Speciality,1725220,HEXACAP 27/14 3852 SFB 3T 120KN,1011361,Octane Ventures,Raigad,Domestic,2022,2000000,1200000,3200000,2400000,800000,2800000,1200000,2200000,1000000,1000000,1200000,1000000,20000000,EXW,5500,0,0,0,0,364,218,582,436,145,509,218,400,182,182,218,182
Speciality,1725220,HEXACAP 27/14 3852 SFB 3T 120KN,97300040,Bisleri International Pvt. Ltd.,Mumbai,Domestic,2022,6000000,6000000,15000000,20000000,20000000,20000000,10000000,10000000,14000000,14000000,8000000,8000000,151000000,EXW,5500,0,0,0,0,1091,1091,2727,3636,3636,3636,1818,1818,2545,2545,1455,1455
Beverage,1726210,HEXALITE 29/11 7266 SFB 3T  120KN,1009544,Global Acqua Pvt. Ltd.,Howrah,Domestic,2022,4000000,4000000,6000000,6000000,6000000,4000000,4000000,4000000,6000000,6000000,2000000,2000000,54000000,CIF,6000,624,97000,0,97000,667,667,1000,1000,1000,667,667,667,1000,1000,333,333
Beverage,1726210,HEXALITE 29/11 7266 SFB 3T  120KN,1009559,Hindustan Coca Cola Beverages Pvt L,Unnao,Domestic,2022,6000000,8000000,12000000,15000000,15000000,15000000,6000000,6000000,12000000,12000000,4000000,4000000,115000000,CIF,6000,624,76000,0,76000,1000,1333,2000,2500,2500,2500,1000,1000,2000,2000,667,667
Beverage,1726210,HEXALITE 29/11 7266 SFB 3T  120KN,1016196,LUDHIANA BEVERAGES PVT LTD UNIT-4,HOSHIARPUR,Domestic,2022,4000000,4000000,8000000,8000000,8000000,6000000,4000000,3000000,4000000,4000000,3000000,3000000,59000000,CIF,6000,624,77500,0,77500,667,667,1333,1333,1333,1000,667,500,667,667,500,500
Beverage,1726210,HEXALITE 29/11 7266 SFB 3T  120KN,1007343,Hindustan Coca Cola Bev. Pvt. Ltd.,Pune,Domestic,2022,4000000,6000000,10000000,10000000,10000000,10000000,4000000,6000000,8000000,8000000,4000000,4000000,84000000,CIF,60000,22,9200,0,9200,67,100,167,167,167,167,67,100,133,133,67,67
Beverage,1726210,HEXALITE 29/11 7266 SFB 3T  120KN,1009692,Hindustan Coca Cola Bev. Pvt. Ltd.,"Bidadi, Hobli",Domestic,2022,4000000,6000000,8000000,10000000,12000000,12000000,6000000,6000000,10000000,10000000,4000000,4000000,92000000,CIF,60000,22,30800,0,30800,67,100,133,167,200,200,100,100,167,167,67,67
Beverage,1726210,HEXALITE 29/11 7266 SFB 3T  120KN,97300086,Hindustan Coca Cola Bev. Pvt. Ltd.,Goblej,Domestic,2022,4000000,6000000,12000000,12000000,12000000,10000000,6000000,6000000,8000000,8000000,6000000,6000000,96000000,CIF,60000,22,25200,0,25200,67,100,200,200,200,167,100,100,133,133,100,100
Beverage,1729201,DS 33/15 SFB ACF (3303),1016184,VARUN BEVERAGES LTD.,Pathankot,Domestic,2022,5000000,11000000,18000000,19000000,19000000,15000000,12000000,10000000,12000000,12000000,5000000,5000000,143000000,CIF,4200,624,85000,0,85000,1190,2619,4286,4524,4524,3571,2857,2381,2857,2857,1190,1190
Speciality,1730801,SK 38/16 S DS,1016370,Rakyan Beverage Pvt. Ltd.,Panvel,Domestic,2022,0,300000,300000,300000,300000,0,0,0,300000,300000,0,0,1800000,CIF,3000,200,7500,0,7500,0,100,100,100,100,0,0,0,100,100,0,0
Speciality,1730801,SK 38/16 S DS,1011093,The Panchmahal Dist Co-op Milk -,Godhra,Domestic,2022,3500000,2100000,5600000,4200000,1400000,4900000,2100000,3850000,1750000,1750000,2100000,1750000,35000000,CIF,3000,624,38000,0,38000,1167,700,1867,1400,467,1633,700,1283,583,583,700,583
Speciality,1730801,SK 38/16 S DS,1016872,BANASKANTHA DIST.COOP.MILK UNION LT,FARIDABAD,Domestic,2022,7000000,4200000,11200000,8400000,2800000,9800000,4200000,7700000,3500000,3500000,4200000,3500000,70000000,CIF,3000,624,71300,0,71300,2333,1400,3733,2800,933,3267,1400,2567,1167,1167,1400,1167
Speciality,1730801,SK 38/16 S DS,1014377,ITC Limited,"Near Modern Jail, Kapurthala",Domestic,2022,2000000,2000000,2000000,2000000,3000000,2000000,2000000,1000000,1000000,1000000,1000000,1000000,20000000,CIF,3000,624,87500,0,87500,667,667,667,667,1000,667,667,333,333,333,333,333
Beverage,1730803,SK 38/16 S DS HF,1013786,MURALYA DAIRY PRODUCTS PVT LTD,Trivandrum,Domestic,2022,1000000,0,0,1000000,0,1000000,1000000,0,1000000,0,0,0,5000000,CPT,3000,360,62200,0,62200,333,0,0,333,0,333,333,0,333,0,0,0
Beverage,1730803,SK 38/16 S DS HF,1018890,NATA NUTRICO COCONUT FOOD PRODUCTS,PALLIVAYAL P.O KANNUR,Domestic,2022,0,100000,0,0,0,100000,0,0,100000,0,0,100000,400000,EXW,3000,0,0,0,0,0,33,0,0,0,33,0,0,33,0,0,33
Beverage,1730803,SK 38/16 S DS HF,1016965,Ocean Drinks Private Limited,Mumbai,Domestic,2022,0,0,500000,500000,500000,0,500000,0,500000,500000,0,0,3000000,CPT,3000,1,220,0,220,0,0,167,167,167,0,167,0,167,167,0,0
Beverage,1730945,DS 38/16 2T SFB HF (3605),1013704,Natural Beverages,"Shamshi, Kullu, HP",Domestic,2022,0,0,1000000,1000000,1000000,1000000,0,0,1000000,0,0,0,5000000,EXW,3000,0,0,0,0,0,0,333,333,333,333,0,0,333,0,0,0
Speciality,Liqpro,Liqpro,1015789,ALLIED BLENDERS & DISTILLERS PVT LT,DISTRICT WANAPARTHY,Domestic,2022,0,0,0,0,5000000,5000000,5000000,10000000,10000000,10000000,10000000,10000000,65000000,EXW,950,0,0,0,0,0,0,0,0,5263,5263,5263,10526,10526,10526,10526,10526
Speciality,Liqpro,Liqpro,NEW2,Pernod  Ricard,"Ranga Reddy Dist., Telangana",Domestic,2022,0,0,0,0,0,0,5000000,5000000,10000000,10000000,10000000,10000000,50000000,EXW,950,0,0,0,0,0,0,0,0,0,0,5263,5263,10526,10526,10526,10526
Speciality,Liqproof-Traded,Liqproof-Traded,1015789,ALLIED BLENDERS & DISTILLERS PVT LT,DISTRICT WANAPARTHY,Domestic,2022,300000,300000,300000,300000,0,0,0,0,0,0,0,0,1200000,EXW,950,0,0,0,0,316,316,316,316,0,0,0,0,0,0,0,0
Speciality,1721731,LIQPROOF PLS 59 1-COLPR,NEW4,Pernod  Ricard,"Ranga Reddy Dist., Telangana",Domestic,2022,0,0,0,0,0,1000000,2000000,2500000,2500000,2500000,2500000,2500000,15500000,EXW,950,0,0,0,0,0,0,0,0,0,1053,2105,2632,2632,2632,2632,2632
